Workbook

Sheet KPI Tracker
A1: KPI ID | B1: Strategic Goal | C1: Community Need | D1: KPI | E1: KPI Definition | F1: Measure Type | G1: Data Source | H1: Frequency | I1: Owner | J1: Dashboard Level | K1: Baseline | L1: FY Target | M1: Q1 Actual | N1: Q1 Status | O1: Q2 Actual | P1: Q2 Status | Q1: Q3 Actual | R1: Q3 Status | S1: Q4 Actual | T1: Q4 Status | U1: Annual Actual | V1: Annual Status | W1: Notes
A2: FCP-01 | B2: Goal 1 | C2: Access to opportunities for civic participation, community dialogue, and social connection | D2: Number of civic forums, dialogues, and community conversations hosted | E2: Count of forums, dialogues, listening sessions, and issue-focused community conversations hosted during the reporting period. | F2: Output | G2: Program calendar, event tracking form | H2: Monthly / Quarterly | I2: Community engagement staff, branch managers | J2: Management | N2: =IF(M2="","",IF($L2="","",IF(M2>=$L2/4,"On Track",IF(M2>=$L2/4*0.85,"Watch","Needs Attention")))) | P2: =IF(O2="","",IF($L2="","",IF(O2>=$L2/4,"On Track",IF(O2>=$L2/4*0.85,"Watch","Needs Attention")))) | R2: =IF(Q2="","",IF($L2="","",IF(Q2>=$L2/4,"On Track",IF(Q2>=$L2/4*0.85,"Watch","Needs Attention")))) | T2: =IF(S2="","",IF($L2="","",IF(S2>=$L2/4,"On Track",IF(S2>=$L2/4*0.85,"Watch","Needs Attention")))) | U2: =IF(COUNTA(M2,O2,Q2,S2)=0,"",SUM(M2,O2,Q2,S2)) | V2: =IF(U2="","",IF($L2="","",IF(U2>=$L2,"On Track",IF(U2>=$L2*0.85,"Watch","Needs Attention"))))
A3: FCP-02 | B3: Goal 1 | C3: Access to opportunities for civic participation, community dialogue, and social connection | D3: Total participation in civic and community dialogue programs | E3: Total attendance across civic forums, community conversations, town halls, and related engagement events. | F3: Output | G3: Program attendance records | H3: Monthly / Quarterly | I3: Community engagement staff, data team | J3: Board + Management | N3: =IF(M3="","",IF($L3="","",IF(M3>=$L3/4,"On Track",IF(M3>=$L3/4*0.85,"Watch","Needs Attention")))) | P3: =IF(O3="","",IF($L3="","",IF(O3>=$L3/4,"On Track",IF(O3>=$L3/4*0.85,"Watch","Needs Attention")))) | R3: =IF(Q3="","",IF($L3="","",IF(Q3>=$L3/4,"On Track",IF(Q3>=$L3/4*0.85,"Watch","Needs Attention")))) | T3: =IF(S3="","",IF($L3="","",IF(S3>=$L3/4,"On Track",IF(S3>=$L3/4*0.85,"Watch","Needs Attention")))) | U3: =IF(COUNTA(M3,O3,Q3,S3)=0,"",SUM(M3,O3,Q3,S3)) | V3: =IF(U3="","",IF($L3="","",IF(U3>=$L3,"On Track",IF(U3>=$L3*0.85,"Watch","Needs Attention"))))
A4: FCP-03 | B4: Goal 1 | C4: Spaces that support respectful, inclusive dialogue | D4: Participant rating of respectful and inclusive dialogue | E4: Average survey rating on whether participants felt the space was respectful, welcoming, and inclusive. | F4: Outcome | G4: Participant survey | H4: Quarterly | I4: Program staff, data team | J4: Board + Management | N4: =IF(M4="","",IF($L4="","",IF(M4>=$L4/4,"On Track",IF(M4>=$L4/4*0.85,"Watch","Needs Attention")))) | P4: =IF(O4="","",IF($L4="","",IF(O4>=$L4/4,"On Track",IF(O4>=$L4/4*0.85,"Watch","Needs Attention")))) | R4: =IF(Q4="","",IF($L4="","",IF(Q4>=$L4/4,"On Track",IF(Q4>=$L4/4*0.85,"Watch","Needs Attention")))) | T4: =IF(S4="","",IF($L4="","",IF(S4>=$L4/4,"On Track",IF(S4>=$L4/4*0.85,"Watch","Needs Attention")))) | U4: =IF(COUNTA(M4,O4,Q4,S4)=0,"",SUM(M4,O4,Q4,S4)) | V4: =IF(U4="","",IF($L4="","",IF(U4>=$L4,"On Track",IF(U4>=$L4*0.85,"Watch","Needs Attention"))))
A5: FCP-04 | B5: Goal 1 | C5: Access to opportunities for civic participation, community dialogue, and social connection | D5: Percentage reporting increased awareness of how to participate in civic life | E5: Share of surveyed participants who say they better understand voting, public meetings, civic processes, or ways to engage locally. | F5: Outcome | G5: Participant survey | H5: Quarterly / Annually | I5: Community engagement staff | J5: Board | N5: =IF(M5="","",IF($L5="","",IF(M5>=$L5/4,"On Track",IF(M5>=$L5/4*0.85,"Watch","Needs Attention")))) | P5: =IF(O5="","",IF($L5="","",IF(O5>=$L5/4,"On Track",IF(O5>=$L5/4*0.85,"Watch","Needs Attention")))) | R5: =IF(Q5="","",IF($L5="","",IF(Q5>=$L5/4,"On Track",IF(Q5>=$L5/4*0.85,"Watch","Needs Attention")))) | T5: =IF(S5="","",IF($L5="","",IF(S5>=$L5/4,"On Track",IF(S5>=$L5/4*0.85,"Watch","Needs Attention")))) | U5: =IF(COUNTA(M5,O5,Q5,S5)=0,"",SUM(M5,O5,Q5,S5)) | V5: =IF(U5="","",IF($L5="","",IF(U5>=$L5,"On Track",IF(U5>=$L5*0.85,"Watch","Needs Attention"))))
A6: FCP-05 | B6: Goal 1 | C6: Access to opportunities for civic participation, community dialogue, and social connection | D6: Number of nonpartisan civic information programs or resources shared | E6: Count of programs, resource guides, displays, or outreach efforts that provide clear, nonpartisan civic information. | F6: Output | G6: Program logs, outreach logs | H6: Quarterly | I6: Community engagement staff | J6: Management | N6: =IF(M6="","",IF($L6="","",IF(M6>=$L6/4,"On Track",IF(M6>=$L6/4*0.85,"Watch","Needs Attention")))) | P6: =IF(O6="","",IF($L6="","",IF(O6>=$L6/4,"On Track",IF(O6>=$L6/4*0.85,"Watch","Needs Attention")))) | R6: =IF(Q6="","",IF($L6="","",IF(Q6>=$L6/4,"On Track",IF(Q6>=$L6/4*0.85,"Watch","Needs Attention")))) | T6: =IF(S6="","",IF($L6="","",IF(S6>=$L6/4,"On Track",IF(S6>=$L6/4*0.85,"Watch","Needs Attention")))) | U6: =IF(COUNTA(M6,O6,Q6,S6)=0,"",SUM(M6,O6,Q6,S6)) | V6: =IF(U6="","",IF($L6="","",IF(U6>=$L6,"On Track",IF(U6>=$L6*0.85,"Watch","Needs Attention"))))
A7: FCP-06 | B7: Goal 1 | C7: Strong, trusted partnerships to address shared challenges | D7: Number of people connected to reliable community resources for critical needs | E7: Count of referrals, warm handoffs, or resource connections made through civic or community support programs. | F7: Output | G7: Referral log, partner reports | H7: Quarterly | I7: Frontline staff, community partners | J7: Management | N7: =IF(M7="","",IF($L7="","",IF(M7>=$L7/4,"On Track",IF(M7>=$L7/4*0.85,"Watch","Needs Attention")))) | P7: =IF(O7="","",IF($L7="","",IF(O7>=$L7/4,"On Track",IF(O7>=$L7/4*0.85,"Watch","Needs Attention")))) | R7: =IF(Q7="","",IF($L7="","",IF(Q7>=$L7/4,"On Track",IF(Q7>=$L7/4*0.85,"Watch","Needs Attention")))) | T7: =IF(S7="","",IF($L7="","",IF(S7>=$L7/4,"On Track",IF(S7>=$L7/4*0.85,"Watch","Needs Attention")))) | U7: =IF(COUNTA(M7,O7,Q7,S7)=0,"",SUM(M7,O7,Q7,S7)) | V7: =IF(U7="","",IF($L7="","",IF(U7>=$L7,"On Track",IF(U7>=$L7*0.85,"Watch","Needs Attention"))))
A8: FCP-07 | B8: Goal 2 | C8: Access to local history and cultural knowledge that reflects the community | D8: Local history and heritage program participation | E8: Attendance in local history talks, archive programs, heritage events, and related educational offerings. | F8: Output | G8: Program attendance records | H8: Monthly / Quarterly | I8: Local history staff, data team | J8: Board + Management | N8: =IF(M8="","",IF($L8="","",IF(M8>=$L8/4,"On Track",IF(M8>=$L8/4*0.85,"Watch","Needs Attention")))) | P8: =IF(O8="","",IF($L8="","",IF(O8>=$L8/4,"On Track",IF(O8>=$L8/4*0.85,"Watch","Needs Attention")))) | R8: =IF(Q8="","",IF($L8="","",IF(Q8>=$L8/4,"On Track",IF(Q8>=$L8/4*0.85,"Watch","Needs Attention")))) | T8: =IF(S8="","",IF($L8="","",IF(S8>=$L8/4,"On Track",IF(S8>=$L8/4*0.85,"Watch","Needs Attention")))) | U8: =IF(COUNTA(M8,O8,Q8,S8)=0,"",SUM(M8,O8,Q8,S8)) | V8: =IF(U8="","",IF($L8="","",IF(U8>=$L8,"On Track",IF(U8>=$L8*0.85,"Watch","Needs Attention"))))
A9: FCP-08 | B9: Goal 2 | C9: Access to local history and cultural knowledge that reflects the community | D9: Use of local history archives and cultural collections | E9: Number of visits, requests, checkouts, digital views, or uses of local history archives and cultural collections. | F9: Reach | G9: Archives logs, ILS, digital analytics | H9: Monthly / Quarterly | I9: Local history staff, collections staff | J9: Board + Management | N9: =IF(M9="","",IF($L9="","",IF(M9>=$L9/4,"On Track",IF(M9>=$L9/4*0.85,"Watch","Needs Attention")))) | P9: =IF(O9="","",IF($L9="","",IF(O9>=$L9/4,"On Track",IF(O9>=$L9/4*0.85,"Watch","Needs Attention")))) | R9: =IF(Q9="","",IF($L9="","",IF(Q9>=$L9/4,"On Track",IF(Q9>=$L9/4*0.85,"Watch","Needs Attention")))) | T9: =IF(S9="","",IF($L9="","",IF(S9>=$L9/4,"On Track",IF(S9>=$L9/4*0.85,"Watch","Needs Attention")))) | U9: =IF(COUNTA(M9,O9,Q9,S9)=0,"",SUM(M9,O9,Q9,S9)) | V9: =IF(U9="","",IF($L9="","",IF(U9>=$L9,"On Track",IF(U9>=$L9*0.85,"Watch","Needs Attention"))))
A10: FCP-09 | B10: Goal 2 | C10: Access to local history and cultural knowledge that reflects the community | D10: Number of community stories gathered or shared | E10: Count of oral histories, story submissions, neighborhood stories, exhibits, or digital story features collected or published. | F10: Output | G10: Story collection log, archives log | H10: Quarterly | I10: Local history staff, community engagement staff | J10: Management | N10: =IF(M10="","",IF($L10="","",IF(M10>=$L10/4,"On Track",IF(M10>=$L10/4*0.85,"Watch","Needs Attention")))) | P10: =IF(O10="","",IF($L10="","",IF(O10>=$L10/4,"On Track",IF(O10>=$L10/4*0.85,"Watch","Needs Attention")))) | R10: =IF(Q10="","",IF($L10="","",IF(Q10>=$L10/4,"On Track",IF(Q10>=$L10/4*0.85,"Watch","Needs Attention")))) | T10: =IF(S10="","",IF($L10="","",IF(S10>=$L10/4,"On Track",IF(S10>=$L10/4*0.85,"Watch","Needs Attention")))) | U10: =IF(COUNTA(M10,O10,Q10,S10)=0,"",SUM(M10,O10,Q10,S10)) | V10: =IF(U10="","",IF($L10="","",IF(U10>=$L10,"On Track",IF(U10>=$L10*0.85,"Watch","Needs Attention"))))
A11: FCP-10 | B11: Goal 2 | C11: Access to arts and cultural programs that amplify local voices | D11: Arts, culture, and exhibition participation | E11: Attendance in arts, culture, exhibitions, film, media, and community gathering programs that highlight local voices. | F11: Output | G11: Program attendance records | H11: Monthly / Quarterly | I11: Arts and culture staff, branch staff | J11: Board + Management | N11: =IF(M11="","",IF($L11="","",IF(M11>=$L11/4,"On Track",IF(M11>=$L11/4*0.85,"Watch","Needs Attention")))) | P11: =IF(O11="","",IF($L11="","",IF(O11>=$L11/4,"On Track",IF(O11>=$L11/4*0.85,"Watch","Needs Attention")))) | R11: =IF(Q11="","",IF($L11="","",IF(Q11>=$L11/4,"On Track",IF(Q11>=$L11/4*0.85,"Watch","Needs Attention")))) | T11: =IF(S11="","",IF($L11="","",IF(S11>=$L11/4,"On Track",IF(S11>=$L11/4*0.85,"Watch","Needs Attention")))) | U11: =IF(COUNTA(M11,O11,Q11,S11)=0,"",SUM(M11,O11,Q11,S11)) | V11: =IF(U11="","",IF($L11="","",IF(U11>=$L11,"On Track",IF(U11>=$L11*0.85,"Watch","Needs Attention"))))
A12: FCP-11 | B12: Goal 2 | C12: Access to arts and cultural programs that amplify local voices | D12: Percentage of cultural programs shaped by community voice | E12: Share of cultural programs, exhibitions, or gatherings that include community co-creation, advisory input, artist collaboration, or neighborhood shaping. | F12: Quality / Capacity | G12: Program planning log | H12: Quarterly | I12: Arts and culture staff | J12: Management | N12: =IF(M12="","",IF($L12="","",IF(M12>=$L12/4,"On Track",IF(M12>=$L12/4*0.85,"Watch","Needs Attention")))) | P12: =IF(O12="","",IF($L12="","",IF(O12>=$L12/4,"On Track",IF(O12>=$L12/4*0.85,"Watch","Needs Attention")))) | R12: =IF(Q12="","",IF($L12="","",IF(Q12>=$L12/4,"On Track",IF(Q12>=$L12/4*0.85,"Watch","Needs Attention")))) | T12: =IF(S12="","",IF($L12="","",IF(S12>=$L12/4,"On Track",IF(S12>=$L12/4*0.85,"Watch","Needs Attention")))) | U12: =IF(COUNTA(M12,O12,Q12,S12)=0,"",SUM(M12,O12,Q12,S12)) | V12: =IF(U12="","",IF($L12="","",IF(U12>=$L12,"On Track",IF(U12>=$L12*0.85,"Watch","Needs Attention"))))
A13: FCP-12 | B13: Goal 2 | C13: Access to local history and cultural knowledge that reflects the community | D13: Percentage of participants reporting stronger connection to local history, culture, or community identity | E13: Share of surveyed participants who report a stronger sense of connection to local history, neighborhood identity, or community culture. | F13: Outcome | G13: Participant survey | H13: Quarterly / Annually | I13: Program staff, data team | J13: Board | N13: =IF(M13="","",IF($L13="","",IF(M13>=$L13/4,"On Track",IF(M13>=$L13/4*0.85,"Watch","Needs Attention")))) | P13: =IF(O13="","",IF($L13="","",IF(O13>=$L13/4,"On Track",IF(O13>=$L13/4*0.85,"Watch","Needs Attention")))) | R13: =IF(Q13="","",IF($L13="","",IF(Q13>=$L13/4,"On Track",IF(Q13>=$L13/4*0.85,"Watch","Needs Attention")))) | T13: =IF(S13="","",IF($L13="","",IF(S13>=$L13/4,"On Track",IF(S13>=$L13/4*0.85,"Watch","Needs Attention")))) | U13: =IF(COUNTA(M13,O13,Q13,S13)=0,"",SUM(M13,O13,Q13,S13)) | V13: =IF(U13="","",IF($L13="","",IF(U13>=$L13,"On Track",IF(U13>=$L13*0.85,"Watch","Needs Attention"))))
... A25: FCP-24 | B25: Goal 1 | C25: Spaces that support respectful, inclusive dialogue | D25: Percentage of civic dialogue programs using a facilitated discussion model or ground rules | E25: Share of civic and dialogue programs that used trained facilitation, discussion guides, or explicit community agreements. | F25: Quality | G25: Program planning log | H25: Quarterly | I25: Community engagement staff | J25: Management | N25: =IF(M25="","",IF($L25="","",IF(M25>=$L25/4,"On Track",IF(M25>=$L25/4*0.85,"Watch","Needs Attention")))) | P25: =IF(O25="","",IF($L25="","",IF(O25>=$L25/4,"On Track",IF(O25>=$L25/4*0.85,"Watch","Needs Attention")))) | R25: =IF(Q25="","",IF($L25="","",IF(Q25>=$L25/4,"On Track",IF(Q25>=$L25/4*0.85,"Watch","Needs Attention")))) | T25: =IF(S25="","",IF($L25="","",IF(S25>=$L25/4,"On Track",IF(S25>=$L25/4*0.85,"Watch","Needs Attention")))) | U25: =IF(COUNTA(M25,O25,Q25,S25)=0,"",SUM(M25,O25,Q25,S25)) | V25: =IF(U25="","",IF($L25="","",IF(U25>=$L25,"On Track",IF(U25>=$L25*0.85,"Watch","Needs Attention"))))

Sheet KPI Dictionary
A1: Field | B1: Definition / Standard
A2: Strategic Priority | B2: Fostering Community Pride
A3: Community pride programming | B3: Programs, exhibitions, gatherings, dialogues, archives activities, and outreach efforts that bring people together to celebrate local culture, share stories, collaborate, or strengthen civic connection.
A4: Civic convener | B4: The library’s role in hosting trusted, nonpartisan, respectful spaces for dialogue, information sharing, and civic participation.
A5: Community-shaped program | B5: A program, exhibit, event, or service that includes meaningful input, co-design, co-delivery, or advisory feedback from community members or partners.
A6: Local history and cultural collections | B6: Archives, oral histories, neighborhood materials, exhibits, cultural collections, and digital resources that preserve or reflect community memory and identity.
A7: Active partner | B7: A neighborhood group, nonprofit, school, artist, civic organization, or other trusted partner that collaborated during the reporting period.
A8: Language access support | B8: Translation, interpretation, bilingual materials, multilingual outreach, or other adaptations that make programs and resources more accessible.
A9: Unique participant | B9: An unduplicated participant counted once within the selected reporting period.
A10: Baseline | B10: Starting point used for comparison before the target year begins.
A11: FY Target | B11: Expected full-year result for the KPI.
A12: Status logic | B12: On Track = >=100% of target pace; Watch = 85% to 99% of target pace; Needs Attention = <85% of target pace.

Sheet Program Mapping
A1: Program / Service Area | B1: Related Offerings | C1: Primary Goal | D1: Secondary Goal | E1: Measurement Pillar | F1: Include in Board Dashboard? | G1: Notes
A2: Community Events | B2: Community Events | C2: Goal 1 | D2: Goal 3 | E2: Civic Participation, Dialogue, and Social Connection | F2: Yes | G2: Track forums, dialogues, gatherings, and community connection events.
A3: Exhibitions & Gatherings | B3: Exhibitions & Gatherings | C3: Goal 2 | D3: Goal 3 | E3: Arts, Culture, and Local Identity | F3: Yes | G3: Track attendance, local contributors, and community-shaped exhibits.
A4: Arts, Culture, & Civic Programs | B4: Arts, Culture, & Civic Programs | C4: Goal 1 | D4: Goal 2 | E4: Arts, Culture, and Local Identity | F4: Yes | G4: Include civic education, cultural programming, artist events, and facilitated dialogue.
A5: Local History & Heritage | B5: Local History & Heritage | C5: Goal 2 | D5: Goal 3 | E5: Local History, Heritage, and Community Stories | F5: Yes | G5: Track archive use, heritage programming, and community story collection.
A6: Cultural Collections | B6: Cultural Collections | C6: Goal 2 | D6: Goal 3 | E6: Local History, Heritage, and Community Stories | F6: Yes | G6: Track collection use, access, interpretation, and featured voices.
A7: Film & Media | B7: Film & Media | C7: Goal 2 | D7: Goal 1 | E7: Arts, Culture, and Local Identity | F7: No | G7: Track screenings, media discussions, and locally relevant content.
A8: Street Sheets | B8: Street Sheets | C8: Goal 1 | D8: Goal 3 | E8: Community Support and Trusted Resource Connection | F8: Yes | G8: Track distribution, use, and resource connection value.

Sheet Monthly Data Entry
A1: Month | B1: Branch | C1: Program / Service | D1: Program Type | E1: Age Group | F1: Strategic Goal | G1: Measurement Pillar | H1: Partner Name | I1: Dialogue / Civic Focus? | J1: Community-shaped / Co-created? | K1: Bilingual / Language Access? | L1: Local History / Culture Focus? | M1: Sessions Offered | N1: Attendance | O1: Unique Participants | P1: Story Submissions / Contributors | Q1: Avg Satisfaction | R1: % Reporting Civic / Community Connection Gain | S1: Referrals / Resource Connections | T1: Materials / Resource Uses | U1: Notes

Sheet Lookups
A1: Goal 1 | B1: Civic Participation, Dialogue, and Social Connection | C1: Yes | D1: Youth | E1: Program | F1: Monthly | G1: Board
A2: Goal 2 | B2: Local History, Heritage, and Community Stories | C2: No | D2: Teen | E2: Exhibition / Gathering | F2: Quarterly | G2: Management
A3: Goal 3 | B3: Arts, Culture, and Local Identity | D3: Adult | E3: Forum / Dialogue | F3: Annually | G3: Board + Management
B4: Community Support and Trusted Resource Connection | D4: Older Adult | E4: Outreach / Pop-up
B5: Neighborhood Partnerships and Community Involvement | D5: Mixed / All Ages | E5: Collection / Resource Use
E6: Partner Service
E7: Film / Media Event

Sheet Quarterly Scorecard
A1: Fostering Community Pride — Quarterly Scorecard
A3: Board KPI | B3: FY Target | C3: Q1 Actual | D3: Q2 Actual | E3: Q3 Actual | F3: Q4 Actual | G3: Annual Actual | H3: Annual Status
A4: Total participation in civic and community dialogue programs | B4: =INDEX('KPI Tracker'!$L$2:$L$25,MATCH("FCP-02",'KPI Tracker'!$A$2:$A$25,0)) | C4: =INDEX('KPI Tracker'!$M$2:$M$25,MATCH("FCP-02",'KPI Tracker'!$A$2:$A$25,0)) | D4: =INDEX('KPI Tracker'!$O$2:$O$25,MATCH("FCP-02",'KPI Tracker'!$A$2:$A$25,0)) | E4: =INDEX('KPI Tracker'!$Q$2:$Q$25,MATCH("FCP-02",'KPI Tracker'!$A$2:$A$25,0)) | F4: =INDEX('KPI Tracker'!$S$2:$S$25,MATCH("FCP-02",'KPI Tracker'!$A$2:$A$25,0)) | G4: =INDEX('KPI Tracker'!$U$2:$U$25,MATCH("FCP-02",'KPI Tracker'!$A$2:$A$25,0)) | H4: =INDEX('KPI Tracker'!$V$2:$V$25,MATCH("FCP-02",'KPI Tracker'!$A$2:$A$25,0))
A5: Unique participants in community pride programming | B5: =INDEX('KPI Tracker'!$L$2:$L$25,MATCH("FCP-22",'KPI Tracker'!$A$2:$A$25,0)) | C5: =INDEX('KPI Tracker'!$M$2:$M$25,MATCH("FCP-22",'KPI Tracker'!$A$2:$A$25,0)) | D5: =INDEX('KPI Tracker'!$O$2:$O$25,MATCH("FCP-22",'KPI Tracker'!$A$2:$A$25,0)) | E5: =INDEX('KPI Tracker'!$Q$2:$Q$25,MATCH("FCP-22",'KPI Tracker'!$A$2:$A$25,0)) | F5: =INDEX('KPI Tracker'!$S$2:$S$25,MATCH("FCP-22",'KPI Tracker'!$A$2:$A$25,0)) | G5: =INDEX('KPI Tracker'!$U$2:$U$25,MATCH("FCP-22",'KPI Tracker'!$A$2:$A$25,0)) | H5: =INDEX('KPI Tracker'!$V$2:$V$25,MATCH("FCP-22",'KPI Tracker'!$A$2:$A$25,0))
A6: Local history and heritage program participation | B6: =INDEX('KPI Tracker'!$L$2:$L$25,MATCH("FCP-07",'KPI Tracker'!$A$2:$A$25,0)) | C6: =INDEX('KPI Tracker'!$M$2:$M$25,MATCH("FCP-07",'KPI Tracker'!$A$2:$A$25,0)) | D6: =INDEX('KPI Tracker'!$O$2:$O$25,MATCH("FCP-07",'KPI Tracker'!$A$2:$A$25,0)) | E6: =INDEX('KPI Tracker'!$Q$2:$Q$25,MATCH("FCP-07",'KPI Tracker'!$A$2:$A$25,0)) | F6: =INDEX('KPI Tracker'!$S$2:$S$25,MATCH("FCP-07",'KPI Tracker'!$A$2:$A$25,0)) | G6: =INDEX('KPI Tracker'!$U$2:$U$25,MATCH("FCP-07",'KPI Tracker'!$A$2:$A$25,0)) | H6: =INDEX('KPI Tracker'!$V$2:$V$25,MATCH("FCP-07",'KPI Tracker'!$A$2:$A$25,0))
A7: Use of local history archives and cultural collections | B7: =INDEX('KPI Tracker'!$L$2:$L$25,MATCH("FCP-08",'KPI Tracker'!$A$2:$A$25,0)) | C7: =INDEX('KPI Tracker'!$M$2:$M$25,MATCH("FCP-08",'KPI Tracker'!$A$2:$A$25,0)) | D7: =INDEX('KPI Tracker'!$O$2:$O$25,MATCH("FCP-08",'KPI Tracker'!$A$2:$A$25,0)) | E7: =INDEX('KPI Tracker'!$Q$2:$Q$25,MATCH("FCP-08",'KPI Tracker'!$A$2:$A$25,0)) | F7: =INDEX('KPI Tracker'!$S$2:$S$25,MATCH("FCP-08",'KPI Tracker'!$A$2:$A$25,0)) | G7: =INDEX('KPI Tracker'!$U$2:$U$25,MATCH("FCP-08",'KPI Tracker'!$A$2:$A$25,0)) | H7: =INDEX('KPI Tracker'!$V$2:$V$25,MATCH("FCP-08",'KPI Tracker'!$A$2:$A$25,0))
A8: Arts, culture, and exhibition participation | B8: =INDEX('KPI Tracker'!$L$2:$L$25,MATCH("FCP-10",'KPI Tracker'!$A$2:$A$25,0)) | C8: =INDEX('KPI Tracker'!$M$2:$M$25,MATCH("FCP-10",'KPI Tracker'!$A$2:$A$25,0)) | D8: =INDEX('KPI Tracker'!$O$2:$O$25,MATCH("FCP-10",'KPI Tracker'!$A$2:$A$25,0)) | E8: =INDEX('KPI Tracker'!$Q$2:$Q$25,MATCH("FCP-10",'KPI Tracker'!$A$2:$A$25,0)) | F8: =INDEX('KPI Tracker'!$S$2:$S$25,MATCH("FCP-10",'KPI Tracker'!$A$2:$A$25,0)) | G8: =INDEX('KPI Tracker'!$U$2:$U$25,MATCH("FCP-10",'KPI Tracker'!$A$2:$A$25,0)) | H8: =INDEX('KPI Tracker'!$V$2:$V$25,MATCH("FCP-10",'KPI Tracker'!$A$2:$A$25,0))
A9: Participant rating of respectful and inclusive dialogue | B9: =INDEX('KPI Tracker'!$L$2:$L$25,MATCH("FCP-03",'KPI Tracker'!$A$2:$A$25,0)) | C9: =INDEX('KPI Tracker'!$M$2:$M$25,MATCH("FCP-03",'KPI Tracker'!$A$2:$A$25,0)) | D9: =INDEX('KPI Tracker'!$O$2:$O$25,MATCH("FCP-03",'KPI Tracker'!$A$2:$A$25,0)) | E9: =INDEX('KPI Tracker'!$Q$2:$Q$25,MATCH("FCP-03",'KPI Tracker'!$A$2:$A$25,0)) | F9: =INDEX('KPI Tracker'!$S$2:$S$25,MATCH("FCP-03",'KPI Tracker'!$A$2:$A$25,0)) | G9: =INDEX('KPI Tracker'!$U$2:$U$25,MATCH("FCP-03",'KPI Tracker'!$A$2:$A$25,0)) | H9: =INDEX('KPI Tracker'!$V$2:$V$25,MATCH("FCP-03",'KPI Tracker'!$A$2:$A$25,0))
A10: % reporting stronger connection to local history, culture, or identity | B10: =INDEX('KPI Tracker'!$L$2:$L$25,MATCH("FCP-12",'KPI Tracker'!$A$2:$A$25,0)) | C10: =INDEX('KPI Tracker'!$M$2:$M$25,MATCH("FCP-12",'KPI Tracker'!$A$2:$A$25,0)) | D10: =INDEX('KPI Tracker'!$O$2:$O$25,MATCH("FCP-12",'KPI Tracker'!$A$2:$A$25,0)) | E10: =INDEX('KPI Tracker'!$Q$2:$Q$25,MATCH("FCP-12",'KPI Tracker'!$A$2:$A$25,0)) | F10: =INDEX('KPI Tracker'!$S$2:$S$25,MATCH("FCP-12",'KPI Tracker'!$A$2:$A$25,0)) | G10: =INDEX('KPI Tracker'!$U$2:$U$25,MATCH("FCP-12",'KPI Tracker'!$A$2:$A$25,0)) | H10: =INDEX('KPI Tracker'!$V$2:$V$25,MATCH("FCP-12",'KPI Tracker'!$A$2:$A$25,0))
A11: Number of active neighborhood and community partners | B11: =INDEX('KPI Tracker'!$L$2:$L$25,MATCH("FCP-14",'KPI Tracker'!$A$2:$A$25,0)) | C11: =INDEX('KPI Tracker'!$M$2:$M$25,MATCH("FCP-14",'KPI Tracker'!$A$2:$A$25,0)) | D11: =INDEX('KPI Tracker'!$O$2:$O$25,MATCH("FCP-14",'KPI Tracker'!$A$2:$A$25,0)) | E11: =INDEX('KPI Tracker'!$Q$2:$Q$25,MATCH("FCP-14",'KPI Tracker'!$A$2:$A$25,0)) | F11: =INDEX('KPI Tracker'!$S$2:$S$25,MATCH("FCP-14",'KPI Tracker'!$A$2:$A$25,0)) | G11: =INDEX('KPI Tracker'!$U$2:$U$25,MATCH("FCP-14",'KPI Tracker'!$A$2:$A$25,0)) | H11: =INDEX('KPI Tracker'!$V$2:$V$25,MATCH("FCP-14",'KPI Tracker'!$A$2:$A$25,0))
A14: How to use:
A15: 1) Enter Baseline, FY Target, and quarterly actuals on the KPI Tracker sheet.
A16: 2) Status fields will populate automatically based on pace to target.
A17: 3) Use Monthly Data Entry for operational collection; aggregate to KPI Tracker quarterly.
A18: 4) Present this sheet as the board-facing summary.
